{"count":1,"gauges":{},"self":14.807134399999999,"total":14.881407999999999,"children":{"AgentSendState":{"count":701,"self":0.027947999999999997,"total":0.044961999999999995,"children":{"CollectObservations":{"count":141,"self":0.0039886999999999995,"total":0.0039886999999999995,"children":null},"CollectDiscreteActionMasks":{"count":141,"self":0,"total":0,"children":null},"RayPerceptionSensor.Perceive":{"count":141,"self":0.0130253,"total":0.0130253,"children":null}}},"DecideAction":{"count":701,"self":0.0079979,"total":0.0079979,"children":null},"AgentAct":{"count":701,"self":0.020316,"total":0.020316,"children":null}}}